date,event_count,uv,active_items,pv,fav,cart,buy
2017-11-25,227572,15100,135390,204302,6595,12381,4294
2017-11-26,228642,15372,135981,204720,6771,12592,4559
2017-11-27,216117,15189,132061,193297,6258,11862,4700
2017-11-28,214755,15248,131442,192078,6246,11831,4600
2017-11-29,221092,15493,134332,197824,6433,11953,4882
2017-11-30,228992,15759,136137,205142,6363,12605,4882
2017-12-01,245664,16212,145108,219934,6798,14195,4737
2017-12-02,303418,20243,173223,271589,8974,17317,5538
2017-12-03,264544,19745,155798,236548,7728,15054,5214
