item_id,hour,event_count,uv,pv,fav,cart,buy
59883,0,17,16,15,0,2,0
59883,1,15,15,15,0,0,0
59883,2,10,10,10,0,0,0
59883,3,10,10,10,0,0,0
59883,4,21,20,21,0,0,0
59883,5,22,22,21,0,1,0
59883,6,16,15,16,0,0,0
59883,7,17,17,16,1,0,0
59883,8,26,26,24,0,2,0
59883,9,16,16,16,0,0,0
59883,10,14,14,13,0,1,0
59883,11,21,21,20,0,1,0
59883,12,27,27,27,0,0,0
59883,13,42,41,42,0,0,0
59883,14,36,36,35,1,0,0
59883,15,33,32,33,0,0,0
59883,16,11,11,11,0,0,0
59883,17,6,6,6,0,0,0
59883,18,2,2,2,0,0,0
59883,19,10,10,10,0,0,0
59883,21,2,2,1,0,1,0
59883,22,6,6,6,0,0,0
59883,23,9,9,9,0,0,0
105055,0,3,3,3,0,0,0
105055,1,10,10,10,0,0,0
105055,2,6,6,5,1,0,0
105055,3,11,11,10,1,0,0
105055,4,11,10,11,0,0,0
105055,5,11,11,10,1,0,0
105055,6,11,11,11,0,0,0
105055,7,7,7,6,0,1,0
105055,8,11,10,11,0,0,0
105055,9,12,10,10,0,2,0
105055,10,9,9,9,0,0,0
105055,11,12,12,12,0,0,0
105055,12,16,16,15,0,0,1
105055,13,16,16,16,0,0,0
105055,14,20,19,19,0,1,0
105055,15,17,14,17,0,0,0
105055,16,4,4,3,1,0,0
105055,17,2,2,2,0,0,0
105055,18,2,2,2,0,0,0
105055,19,2,2,2,0,0,0
105055,20,1,1,1,0,0,0
105055,21,1,1,1,0,0,0
105055,22,1,1,1,0,0,0
105055,23,5,5,4,0,1,0
138964,0,12,10,10,0,2,0
138964,1,23,16,23,0,0,0
138964,2,8,7,8,0,0,0
138964,3,15,15,14,0,0,1
138964,4,20,16,19,0,1,0
138964,5,19,19,18,0,1,0
138964,6,26,22,25,0,1,0
138964,7,21,17,21,0,0,0
138964,8,26,23,22,1,3,0
138964,9,29,23,27,1,1,0
138964,10,32,29,31,1,0,0
138964,11,47,37,41,3,3,0
138964,12,40,38,37,2,1,0
138964,13,55,44,54,0,1,0
138964,14,33,29,30,1,1,1
138964,15,19,19,19,0,0,0
138964,16,5,5,5,0,0,0
138964,17,2,2,2,0,0,0
138964,19,2,1,2,0,0,0
138964,20,1,1,1,0,0,0
138964,21,1,1,1,0,0,0
138964,22,10,9,10,0,0,0
138964,23,15,15,13,0,1,1
181419,0,5,5,5,0,0,0
181419,1,7,7,7,0,0,0
181419,2,13,12,13,0,0,0
181419,3,12,8,9,0,2,1
181419,4,16,10,14,1,0,1
181419,5,9,8,9,0,0,0
181419,6,5,5,5,0,0,0
181419,7,15,12,15,0,0,0
181419,8,20,12,20,0,0,0
181419,9,2,1,2,0,0,0
181419,10,9,9,9,0,0,0
181419,11,12,9,12,0,0,0
181419,12,11,8,10,1,0,0
181419,13,21,15,21,0,0,0
181419,14,11,10,11,0,0,0
181419,15,9,8,8,0,1,0
181419,16,10,10,8,1,1,0
181419,17,2,2,2,0,0,0
181419,23,3,2,2,1,0,0
207994,0,5,5,4,0,1,0
207994,1,9,9,8,0,1,0
207994,2,8,8,8,0,0,0
207994,3,6,6,5,0,1,0
207994,4,13,12,12,1,0,0
207994,5,9,8,5,3,1,0
207994,6,8,7,8,0,0,0
207994,7,8,8,8,0,0,0
207994,8,11,11,7,0,4,0
207994,9,20,15,17,1,2,0
207994,10,10,8,10,0,0,0
207994,11,11,10,10,0,1,0
207994,12,10,10,9,0,1,0
207994,13,17,17,17,0,0,0
207994,14,18,16,18,0,0,0
207994,15,11,10,9,0,1,1
207994,16,6,6,6,0,0,0
207994,17,1,1,1,0,0,0
207994,18,1,1,1,0,0,0
207994,20,3,3,3,0,0,0
207994,22,1,1,1,0,0,0
207994,23,1,1,1,0,0,0
232919,0,12,11,12,0,0,0
232919,1,6,5,5,1,0,0
232919,2,8,8,8,0,0,0
232919,3,7,6,7,0,0,0
232919,4,6,6,5,1,0,0
232919,5,8,6,7,0,1,0
232919,6,8,7,7,0,1,0
232919,7,13,8,10,1,1,1
232919,8,8,7,4,0,2,2
232919,9,12,10,11,0,1,0
232919,10,12,11,10,0,2,0
232919,11,6,6,6,0,0,0
232919,12,18,10,10,2,3,3
232919,13,31,19,27,0,3,1
232919,14,14,12,13,0,1,0
232919,15,8,8,6,1,1,0
232919,16,2,2,2,0,0,0
232919,17,5,4,4,0,1,0
232919,18,1,1,1,0,0,0
232919,19,1,1,1,0,0,0
232919,22,1,1,1,0,0,0
232919,23,8,8,7,1,0,0
240034,0,7,7,7,0,0,0
240034,1,7,7,6,0,1,0
240034,2,14,12,14,0,0,0
240034,3,11,11,11,0,0,0
240034,4,10,10,10,0,0,0
240034,5,15,15,14,0,0,1
240034,6,14,14,12,1,1,0
240034,7,11,10,11,0,0,0
240034,8,14,14,14,0,0,0
240034,9,8,8,8,0,0,0
240034,10,11,11,9,0,2,0
240034,11,7,5,6,1,0,0
240034,12,18,18,16,1,1,0
240034,13,20,18,19,0,1,0
240034,14,21,21,20,1,0,0
240034,15,17,17,15,1,1,0
240034,16,6,6,6,0,0,0
240034,19,1,1,1,0,0,0
240034,20,1,1,1,0,0,0
240034,22,2,2,2,0,0,0
240034,23,2,2,2,0,0,0
250498,0,11,9,11,0,0,0
250498,1,10,9,7,3,0,0
250498,2,5,5,5,0,0,0
250498,3,17,14,17,0,0,0
250498,4,8,7,8,0,0,0
250498,5,9,9,7,1,1,0
250498,6,9,9,8,0,1,0
250498,7,8,8,7,0,1,0
250498,8,14,11,13,0,1,0
250498,9,3,3,3,0,0,0
250498,10,11,8,11,0,0,0
250498,11,17,15,17,0,0,0
250498,12,11,11,11,0,0,0
250498,13,13,13,13,0,0,0
250498,14,18,18,18,0,0,0
250498,15,9,9,9,0,0,0
250498,16,3,3,3,0,0,0
250498,17,4,4,3,0,1,0
250498,19,4,2,4,0,0,0
250498,20,4,1,4,0,0,0
250498,22,4,3,3,1,0,0
250498,23,3,3,2,1,0,0
297610,0,4,4,4,0,0,0
297610,1,15,11,13,0,2,0
297610,2,8,8,7,1,0,0
297610,3,10,8,10,0,0,0
297610,4,13,10,12,0,1,0
297610,5,17,12,15,1,1,0
297610,6,21,12,19,1,1,0
297610,7,14,12,12,0,1,1
297610,8,21,15,20,1,0,0
297610,9,12,10,9,0,3,0
297610,10,20,14,18,1,1,0
297610,11,11,10,8,1,2,0
297610,12,16,13,15,0,0,1
297610,13,16,13,15,1,0,0
297610,14,17,13,15,0,2,0
297610,15,17,13,15,1,1,0
297610,16,2,1,2,0,0,0
297610,17,1,1,1,0,0,0
297610,18,1,1,1,0,0,0
297610,20,1,1,1,0,0,0
297610,21,2,1,2,0,0,0
297610,22,1,1,1,0,0,0
297610,23,1,1,1,0,0,0
320169,0,8,7,7,0,0,1
320169,1,14,13,13,0,1,0
320169,2,6,5,6,0,0,0
320169,3,18,15,17,1,0,0
320169,4,15,15,15,0,0,0
320169,5,7,6,6,0,0,1
320169,6,7,7,6,0,0,1
320169,7,7,7,7,0,0,0
320169,8,10,9,8,0,0,2
320169,9,8,8,7,0,0,1
320169,10,16,14,16,0,0,0
320169,11,7,7,6,0,1,0
320169,12,19,18,19,0,0,0
320169,13,6,6,6,0,0,0
320169,14,12,9,12,0,0,0
320169,15,7,7,6,0,0,1
320169,16,3,3,3,0,0,0
320169,20,1,1,1,0,0,0
320169,21,1,1,1,0,0,0
320169,22,5,5,5,0,0,0
320169,23,11,11,11,0,0,0
342576,0,12,9,12,0,0,0
342576,1,7,7,7,0,0,0
342576,2,16,15,15,1,0,0
342576,3,10,9,9,0,1,0
342576,4,10,8,10,0,0,0
342576,5,12,12,11,0,1,0
342576,6,12,10,10,1,1,0
342576,7,7,6,6,0,1,0
342576,8,9,9,8,0,1,0
342576,9,15,15,14,1,0,0
342576,10,8,8,8,0,0,0
342576,11,9,6,9,0,0,0
342576,12,15,9,15,0,0,0
342576,13,16,15,16,0,0,0
342576,14,19,18,16,1,2,0
342576,15,18,17,16,1,1,0
342576,16,4,4,3,1,0,0
342576,17,5,2,5,0,0,0
342576,18,4,4,4,0,0,0
342576,20,1,1,1,0,0,0
342576,22,2,2,2,0,0,0
342576,23,2,2,2,0,0,0
363858,0,6,6,6,0,0,0
363858,1,13,13,12,1,0,0
363858,2,9,9,8,1,0,0
363858,3,9,9,9,0,0,0
363858,4,10,9,10,0,0,0
363858,5,7,6,7,0,0,0
363858,6,8,8,8,0,0,0
363858,7,11,11,9,0,1,1
363858,8,8,8,8,0,0,0
363858,9,10,9,9,0,1,0
363858,10,12,11,10,0,2,0
363858,11,19,17,15,0,2,2
363858,12,24,20,23,0,1,0
363858,13,18,18,17,0,1,0
363858,14,23,21,21,0,2,0
363858,15,16,14,14,2,0,0
363858,16,5,5,3,0,2,0
363858,17,7,6,6,0,1,0
363858,18,1,1,1,0,0,0
363858,19,3,3,2,1,0,0
363858,20,1,1,1,0,0,0
363858,21,3,2,3,0,0,0
363858,22,2,2,1,0,1,0
363858,23,8,8,7,1,0,0
393880,0,12,10,12,0,0,0
393880,1,6,5,5,1,0,0
393880,2,9,7,8,0,0,1
393880,3,12,8,11,0,1,0
393880,4,8,6,7,1,0,0
393880,5,6,4,6,0,0,0
393880,6,9,8,9,0,0,0
393880,7,6,6,5,0,1,0
393880,8,9,9,8,0,1,0
393880,9,10,10,9,0,1,0
393880,10,11,8,10,0,1,0
393880,11,11,9,10,1,0,0
393880,12,10,10,9,1,0,0
393880,13,26,22,25,0,1,0
393880,14,29,23,25,2,2,0
393880,15,13,12,12,0,1,0
393880,16,2,2,1,0,1,0
393880,17,1,1,1,0,0,0
393880,18,3,3,3,0,0,0
393880,19,1,1,1,0,0,0
393880,22,3,3,2,0,1,0
393880,23,8,8,6,0,2,0
395399,0,9,8,8,0,1,0
395399,1,10,10,9,0,1,0
395399,2,16,14,12,1,1,2
395399,3,12,11,11,0,0,1
395399,4,6,6,6,0,0,0
395399,5,9,8,8,0,1,0
395399,6,32,22,28,0,2,2
395399,7,13,13,11,1,1,0
395399,8,10,10,8,0,1,1
395399,9,7,6,7,0,0,0
395399,10,6,5,3,0,3,0
395399,11,14,13,13,0,1,0
395399,12,19,14,19,0,0,0
395399,13,27,21,22,1,3,1
395399,14,12,12,11,0,1,0
395399,15,17,14,14,0,3,0
395399,16,6,5,6,0,0,0
395399,17,2,2,2,0,0,0
395399,20,2,2,2,0,0,0
395399,21,8,3,7,1,0,0
395399,22,3,3,3,0,0,0
395399,23,3,3,3,0,0,0
602041,0,7,7,7,0,0,0
602041,1,8,5,7,0,0,1
602041,2,13,11,10,0,3,0
602041,3,20,19,19,0,1,0
602041,4,7,7,7,0,0,0
602041,5,7,6,7,0,0,0
602041,6,12,10,10,2,0,0
602041,7,8,7,7,0,1,0
602041,8,13,13,13,0,0,0
602041,9,15,15,15,0,0,0
602041,10,15,14,13,1,1,0
602041,11,8,8,8,0,0,0
602041,12,17,16,16,1,0,0
602041,13,20,18,20,0,0,0
602041,14,21,21,18,1,2,0
602041,15,15,15,13,0,2,0
602041,16,5,5,5,0,0,0
602041,17,3,2,2,0,1,0
602041,18,2,2,1,1,0,0
602041,19,2,2,2,0,0,0
602041,20,2,2,2,0,0,0
602041,21,1,1,1,0,0,0
602041,22,3,3,3,0,0,0
602041,23,11,8,11,0,0,0
640975,0,10,10,9,0,1,0
640975,1,20,19,17,2,1,0
640975,2,15,15,14,1,0,0
640975,3,16,15,16,0,0,0
640975,4,15,14,14,1,0,0
640975,5,12,12,12,0,0,0
640975,6,16,13,14,0,2,0
640975,7,7,7,6,0,1,0
640975,8,17,17,15,2,0,0
640975,9,18,17,18,0,0,0
640975,10,8,8,8,0,0,0
640975,11,9,8,9,0,0,0
640975,12,22,20,21,1,0,0
640975,13,14,14,13,1,0,0
640975,14,25,24,24,0,1,0
640975,15,14,14,11,2,1,0
640975,16,14,13,14,0,0,0
640975,17,3,3,3,0,0,0
640975,18,5,5,4,0,1,0
640975,19,1,1,1,0,0,0
640975,21,1,1,1,0,0,0
640975,22,6,6,5,1,0,0
640975,23,8,7,8,0,0,0
705557,0,5,4,5,0,0,0
705557,1,11,9,11,0,0,0
705557,2,22,15,16,2,1,3
705557,3,15,15,11,0,3,1
705557,4,20,16,16,0,4,0
705557,5,18,17,15,0,2,1
705557,6,18,15,18,0,0,0
705557,7,20,13,18,0,0,2
705557,8,14,13,12,0,2,0
705557,9,20,18,19,0,1,0
705557,10,14,12,11,0,2,1
705557,11,21,13,15,2,2,2
705557,12,14,12,12,0,2,0
705557,13,20,18,18,1,1,0
705557,14,31,23,28,0,1,2
705557,15,20,17,15,0,5,0
705557,16,7,5,7,0,0,0
705557,18,2,2,2,0,0,0
705557,19,4,4,3,0,1,0
705557,20,1,1,1,0,0,0
705557,22,6,5,4,0,0,2
705557,23,5,2,4,0,0,1
726505,0,16,13,16,0,0,0
726505,1,9,8,9,0,0,0
726505,2,11,6,11,0,0,0
726505,3,13,12,12,0,0,1
726505,4,10,8,10,0,0,0
726505,5,8,8,8,0,0,0
726505,6,7,7,7,0,0,0
726505,7,8,8,6,1,1,0
726505,8,9,9,9,0,0,0
726505,9,12,11,11,0,1,0
726505,10,6,6,5,0,1,0
726505,11,11,11,10,0,1,0
726505,12,25,20,19,0,3,3
726505,13,9,9,5,0,2,2
726505,14,16,13,14,0,2,0
726505,15,16,13,15,0,1,0
726505,16,2,2,2,0,0,0
726505,17,3,2,3,0,0,0
726505,20,1,1,1,0,0,0
726505,22,2,2,2,0,0,0
726505,23,9,7,8,0,1,0
740947,0,7,7,6,1,0,0
740947,1,10,8,9,0,1,0
740947,2,8,6,8,0,0,0
740947,3,14,12,11,0,1,2
740947,4,14,14,11,2,1,0
740947,5,9,7,8,1,0,0
740947,6,12,12,10,0,2,0
740947,7,14,14,11,2,1,0
740947,8,11,10,7,2,1,1
740947,9,6,6,5,1,0,0
740947,10,6,6,6,0,0,0
740947,11,6,5,5,0,1,0
740947,12,16,14,14,0,1,1
740947,13,16,16,12,1,2,1
740947,14,19,17,15,1,3,0
740947,15,9,9,7,1,0,1
740947,16,4,4,3,0,0,1
740947,19,4,3,2,0,1,1
740947,20,3,3,3,0,0,0
740947,21,3,3,3,0,0,0
740947,22,3,3,3,0,0,0
740947,23,6,6,5,1,0,0
775348,0,3,3,3,0,0,0
775348,1,12,12,12,0,0,0
775348,2,6,6,6,0,0,0
775348,3,7,7,7,0,0,0
775348,4,8,8,8,0,0,0
775348,5,18,18,18,0,0,0
775348,6,6,6,6,0,0,0
775348,7,9,9,9,0,0,0
775348,8,18,17,16,1,1,0
775348,9,12,12,12,0,0,0
775348,10,8,8,8,0,0,0
775348,11,12,12,12,0,0,0
775348,12,10,10,10,0,0,0
775348,13,19,19,18,0,1,0
775348,14,16,15,16,0,0,0
775348,15,15,15,14,0,1,0
775348,16,9,9,9,0,0,0
775348,17,4,4,4,0,0,0
775348,18,1,1,0,0,1,0
775348,21,1,1,1,0,0,0
775348,22,2,2,2,0,0,0
775348,23,2,2,2,0,0,0
812879,0,33,32,32,0,1,0
812879,1,26,23,24,2,0,0
812879,2,44,32,42,0,2,0
812879,3,31,26,26,2,2,1
812879,4,37,28,32,2,3,0
812879,5,34,33,29,3,2,0
812879,6,33,30,31,2,0,0
812879,7,30,24,29,0,1,0
812879,8,49,43,47,0,2,0
812879,9,25,24,23,1,0,1
812879,10,36,32,33,1,2,0
812879,11,33,28,30,1,2,0
812879,12,51,45,49,1,1,0
812879,13,54,39,51,2,1,0
812879,14,47,41,43,0,4,0
812879,15,41,32,40,0,1,0
812879,16,24,20,22,1,1,0
812879,17,3,3,3,0,0,0
812879,18,5,5,5,0,0,0
812879,19,5,5,5,0,0,0
812879,20,1,1,1,0,0,0
812879,21,12,10,11,0,1,0
812879,22,7,7,6,0,1,0
812879,23,22,22,21,0,1,0
866111,0,3,3,2,0,1,0
866111,1,17,14,16,0,1,0
866111,2,7,7,6,0,1,0
866111,3,16,16,14,2,0,0
866111,4,6,6,6,0,0,0
866111,5,14,12,13,1,0,0
866111,6,10,7,10,0,0,0
866111,7,13,12,13,0,0,0
866111,8,5,5,5,0,0,0
866111,9,8,7,8,0,0,0
866111,10,14,11,13,0,1,0
866111,11,17,15,15,0,2,0
866111,12,16,15,16,0,0,0
866111,13,24,19,23,0,1,0
866111,14,24,17,21,1,2,0
866111,15,10,9,10,0,0,0
866111,16,3,3,3,0,0,0
866111,18,1,1,1,0,0,0
866111,19,2,2,2,0,0,0
866111,21,1,1,1,0,0,0
866111,22,5,5,5,0,0,0
866111,23,2,2,2,0,0,0
987143,0,16,11,15,0,1,0
987143,1,14,14,14,0,0,0
987143,2,15,15,13,2,0,0
987143,3,24,23,21,1,2,0
987143,4,14,14,12,1,1,0
987143,5,17,16,17,0,0,0
987143,6,24,21,22,1,1,0
987143,7,16,15,15,1,0,0
987143,8,23,21,20,1,2,0
987143,9,12,12,11,0,1,0
987143,10,10,10,10,0,0,0
987143,11,30,23,29,0,1,0
987143,12,18,15,15,1,2,0
987143,13,26,23,25,0,1,0
987143,14,28,24,27,0,1,0
987143,15,31,27,28,2,1,0
987143,16,17,16,15,1,1,0
987143,17,4,3,4,0,0,0
987143,18,2,2,2,0,0,0
987143,19,1,1,1,0,0,0
987143,20,2,2,2,0,0,0
987143,21,1,1,1,0,0,0
987143,22,3,3,2,0,1,0
987143,23,6,4,5,0,1,0
1154789,0,8,8,8,0,0,0
1154789,1,13,12,12,0,1,0
1154789,2,8,8,7,0,1,0
1154789,3,15,10,12,1,1,1
1154789,4,9,9,9,0,0,0
1154789,5,4,4,3,1,0,0
1154789,6,9,9,7,2,0,0
1154789,7,10,9,9,0,0,1
1154789,8,12,10,11,0,1,0
1154789,9,9,8,9,0,0,0
1154789,10,4,4,4,0,0,0
1154789,11,7,7,7,0,0,0
1154789,12,12,10,12,0,0,0
1154789,13,11,10,11,0,0,0
1154789,14,19,19,16,0,2,1
1154789,15,14,14,13,0,1,0
1154789,16,6,6,6,0,0,0
1154789,17,6,4,3,1,2,0
1154789,18,4,4,4,0,0,0
1154789,19,1,1,1,0,0,0
1154789,20,2,2,2,0,0,0
1154789,21,2,2,2,0,0,0
1154789,22,2,2,1,1,0,0
1154789,23,6,6,6,0,0,0
1164931,0,8,8,7,0,1,0
1164931,1,9,9,7,0,2,0
1164931,2,20,19,16,2,2,0
1164931,3,6,6,5,0,1,0
1164931,4,15,15,15,0,0,0
1164931,5,19,19,18,1,0,0
1164931,6,10,10,9,0,1,0
1164931,7,10,10,8,1,1,0
1164931,8,11,9,10,0,1,0
1164931,9,7,7,6,0,1,0
1164931,10,6,6,5,1,0,0
1164931,11,14,14,14,0,0,0
1164931,12,23,23,21,1,1,0
1164931,13,15,15,14,1,0,0
1164931,14,18,16,15,0,3,0
1164931,15,12,12,9,2,1,0
1164931,16,4,4,4,0,0,0
1164931,17,4,4,3,0,1,0
1164931,19,1,1,1,0,0,0
1164931,20,1,1,1,0,0,0
1164931,21,1,1,1,0,0,0
1164931,23,6,6,5,0,1,0
1223110,0,9,8,9,0,0,0
1223110,1,17,13,16,0,1,0
1223110,2,15,14,14,0,1,0
1223110,3,10,9,10,0,0,0
1223110,4,15,14,15,0,0,0
1223110,5,8,8,7,1,0,0
1223110,6,17,15,16,0,1,0
1223110,7,13,11,12,0,1,0
1223110,8,13,13,13,0,0,0
1223110,9,16,14,15,0,1,0
1223110,10,8,8,8,0,0,0
1223110,11,19,18,16,1,2,0
1223110,12,24,22,22,0,2,0
1223110,13,23,23,23,0,0,0
1223110,14,19,17,18,1,0,0
1223110,15,12,12,12,0,0,0
1223110,16,7,5,6,1,0,0
1223110,17,6,6,6,0,0,0
1223110,18,1,1,1,0,0,0
1223110,19,1,1,1,0,0,0
1223110,20,2,1,2,0,0,0
1223110,21,1,1,1,0,0,0
1223110,22,8,7,6,0,2,0
1223110,23,6,5,5,0,1,0
1402604,0,6,6,6,0,0,0
1402604,1,9,8,7,0,1,1
1402604,2,10,10,9,1,0,0
1402604,3,17,10,14,0,2,1
1402604,4,13,12,12,0,1,0
1402604,5,11,11,10,0,1,0
1402604,6,8,8,8,0,0,0
1402604,7,13,12,11,0,2,0
1402604,8,11,10,9,1,1,0
1402604,9,13,11,13,0,0,0
1402604,10,12,11,12,0,0,0
1402604,11,17,15,15,0,2,0
1402604,12,17,15,12,0,4,1
1402604,13,12,10,12,0,0,0
1402604,14,26,23,22,1,3,0
1402604,15,12,10,8,2,1,1
1402604,16,11,6,8,0,2,1
1402604,17,4,4,4,0,0,0
1402604,18,4,4,4,0,0,0
1402604,21,1,1,1,0,0,0
1402604,22,2,2,1,0,1,0
1402604,23,5,5,5,0,0,0
1444258,0,11,8,10,0,1,0
1444258,1,7,7,6,0,1,0
1444258,2,12,10,11,0,1,0
1444258,3,16,15,15,0,0,1
1444258,4,16,14,14,0,1,1
1444258,5,14,14,14,0,0,0
1444258,6,10,10,8,0,2,0
1444258,7,14,14,12,0,2,0
1444258,8,11,10,11,0,0,0
1444258,9,17,11,13,0,2,2
1444258,10,13,11,11,1,0,1
1444258,11,11,11,11,0,0,0
1444258,12,10,10,9,0,1,0
1444258,13,37,34,33,1,2,1
1444258,14,20,18,19,0,0,1
1444258,15,13,12,12,0,1,0
1444258,16,4,4,2,1,0,1
1444258,17,2,2,2,0,0,0
1444258,18,1,1,1,0,0,0
1444258,19,2,2,2,0,0,0
1444258,20,1,1,1,0,0,0
1444258,21,1,1,1,0,0,0
1444258,22,3,3,3,0,0,0
1444258,23,7,6,4,0,1,2
1457948,0,6,5,6,0,0,0
1457948,1,13,10,12,0,0,1
1457948,2,9,8,9,0,0,0
1457948,3,13,12,9,3,1,0
1457948,4,11,7,10,0,1,0
1457948,5,7,7,7,0,0,0
1457948,6,11,10,11,0,0,0
1457948,7,12,9,11,0,1,0
1457948,8,7,6,4,1,2,0
1457948,9,7,6,7,0,0,0
1457948,10,14,13,14,0,0,0
1457948,11,17,14,16,0,1,0
1457948,12,17,14,16,1,0,0
1457948,13,14,10,12,1,1,0
1457948,14,15,15,15,0,0,0
1457948,15,7,5,7,0,0,0
1457948,16,3,3,3,0,0,0
1457948,17,2,2,2,0,0,0
1457948,21,1,1,1,0,0,0
1457948,22,3,3,3,0,0,0
1457948,23,4,4,4,0,0,0
1459442,0,6,4,6,0,0,0
1459442,1,10,6,10,0,0,0
1459442,2,13,11,13,0,0,0
1459442,3,16,12,15,1,0,0
1459442,4,7,7,7,0,0,0
1459442,5,11,8,9,2,0,0
1459442,6,11,8,11,0,0,0
1459442,7,16,13,14,1,1,0
1459442,8,8,7,8,0,0,0
1459442,9,7,7,7,0,0,0
1459442,10,7,7,6,0,1,0
1459442,11,12,11,12,0,0,0
1459442,12,7,7,7,0,0,0
1459442,13,12,11,11,0,1,0
1459442,14,16,14,13,2,1,0
1459442,15,14,14,13,0,1,0
1459442,16,5,5,3,0,2,0
1459442,17,1,1,1,0,0,0
1459442,18,1,1,1,0,0,0
1459442,19,1,1,1,0,0,0
1459442,21,1,1,1,0,0,0
1459442,22,2,2,2,0,0,0
1459442,23,4,3,3,0,1,0
1535294,0,12,11,11,0,1,0
1535294,1,8,8,8,0,0,0
1535294,2,19,16,18,1,0,0
1535294,3,24,20,24,0,0,0
1535294,4,28,27,23,1,4,0
1535294,5,25,25,23,1,1,0
1535294,6,27,25,26,1,0,0
1535294,7,21,19,19,1,0,1
1535294,8,37,34,34,2,1,0
1535294,9,31,27,20,2,5,4
1535294,10,25,21,22,1,1,1
1535294,11,20,18,16,2,2,0
1535294,12,27,24,22,1,2,2
1535294,13,30,29,27,0,3,0
1535294,14,43,39,34,2,4,3
1535294,15,26,26,23,1,2,0
1535294,16,10,9,9,0,1,0
1535294,17,2,2,2,0,0,0
1535294,18,2,2,1,0,1,0
1535294,19,4,4,3,0,1,0
1535294,20,3,3,3,0,0,0
1535294,21,4,3,3,1,0,0
1535294,22,2,2,2,0,0,0
1535294,23,16,15,13,1,1,1
1541734,0,6,6,6,0,0,0
1541734,1,7,7,6,0,1,0
1541734,2,3,3,2,0,1,0
1541734,3,7,7,6,0,1,0
1541734,4,11,10,9,1,1,0
1541734,5,11,8,11,0,0,0
1541734,6,15,14,14,1,0,0
1541734,7,10,9,10,0,0,0
1541734,8,5,4,4,1,0,0
1541734,9,10,9,8,0,2,0
1541734,10,7,6,7,0,0,0
1541734,11,28,21,28,0,0,0
1541734,12,22,20,21,0,1,0
1541734,13,20,17,19,0,1,0
1541734,14,16,16,15,0,1,0
1541734,15,9,8,9,0,0,0
1541734,16,3,3,3,0,0,0
1541734,17,2,2,1,0,1,0
1541734,18,3,3,3,0,0,0
1541734,19,1,1,1,0,0,0
1541734,20,1,1,1,0,0,0
1541734,21,1,1,1,0,0,0
1541734,22,2,2,1,1,0,0
1541734,23,4,4,4,0,0,0
1583704,0,16,16,16,0,0,0
1583704,1,14,12,11,1,2,0
1583704,2,23,21,20,1,2,0
1583704,3,16,16,15,0,1,0
1583704,4,14,14,14,0,0,0
1583704,5,12,12,11,1,0,0
1583704,6,27,22,25,1,0,1
1583704,7,13,13,12,1,0,0
1583704,8,20,18,19,1,0,0
1583704,9,13,13,11,1,1,0
1583704,10,23,22,21,1,1,0
1583704,11,19,18,18,1,0,0
1583704,12,20,18,19,1,0,0
1583704,13,33,32,30,0,3,0
1583704,14,16,16,13,0,2,1
1583704,15,27,26,23,2,2,0
1583704,16,12,12,11,1,0,0
1583704,17,4,3,4,0,0,0
1583704,18,1,1,1,0,0,0
1583704,19,1,1,1,0,0,0
1583704,20,1,1,1,0,0,0
1583704,21,1,1,1,0,0,0
1583704,22,2,2,2,0,0,0
1583704,23,8,8,8,0,0,0
1591862,0,1,1,1,0,0,0
1591862,1,1,1,1,0,0,0
1591862,7,351,271,351,0,0,0
1591862,13,1,1,1,0,0,0
1684440,0,10,10,9,1,0,0
1684440,1,10,9,9,0,1,0
1684440,2,9,6,8,0,1,0
1684440,3,10,7,5,0,2,3
1684440,4,4,4,4,0,0,0
1684440,5,9,9,6,0,3,0
1684440,6,4,4,4,0,0,0
1684440,7,12,10,10,0,2,0
1684440,8,8,8,6,1,0,1
1684440,9,12,11,9,0,3,0
1684440,10,18,12,14,1,1,2
1684440,11,10,10,10,0,0,0
1684440,12,14,14,8,2,4,0
1684440,13,13,13,10,1,2,0
1684440,14,24,19,16,2,3,3
1684440,15,10,8,9,0,1,0
1684440,16,6,6,6,0,0,0
1684440,18,1,1,1,0,0,0
1684440,19,4,4,3,0,1,0
1684440,23,2,2,1,0,1,0
1699547,0,14,9,13,0,1,0
1699547,1,11,9,10,1,0,0
1699547,2,12,9,11,0,1,0
1699547,3,7,7,7,0,0,0
1699547,4,13,13,13,0,0,0
1699547,5,10,9,9,0,1,0
1699547,6,7,7,7,0,0,0
1699547,7,18,18,17,0,1,0
1699547,8,16,16,16,0,0,0
1699547,9,6,6,6,0,0,0
1699547,10,15,11,14,1,0,0
1699547,11,10,10,9,1,0,0
1699547,12,15,14,15,0,0,0
1699547,13,19,17,16,2,1,0
1699547,14,17,17,16,1,0,0
1699547,15,11,11,11,0,0,0
1699547,16,7,6,5,0,2,0
1699547,17,1,1,1,0,0,0
1699547,18,1,1,1,0,0,0
1699547,19,2,2,2,0,0,0
1699547,20,1,1,1,0,0,0
1699547,21,1,1,1,0,0,0
1699547,22,2,2,2,0,0,0
1699547,23,4,4,3,0,1,0
1773536,0,8,8,7,0,1,0
1773536,1,10,10,10,0,0,0
1773536,2,18,13,17,0,1,0
1773536,3,18,14,18,0,0,0
1773536,4,12,10,12,0,0,0
1773536,5,8,8,8,0,0,0
1773536,6,14,11,14,0,0,0
1773536,7,10,10,10,0,0,0
1773536,8,6,6,6,0,0,0
1773536,9,5,5,4,0,0,1
1773536,10,12,11,11,0,1,0
1773536,11,15,14,13,0,2,0
1773536,12,12,11,12,0,0,0
1773536,13,25,20,24,0,0,1
1773536,14,16,13,15,0,1,0
1773536,15,12,11,12,0,0,0
1773536,16,4,4,4,0,0,0
1773536,17,2,2,2,0,0,0
1773536,18,1,1,1,0,0,0
1773536,19,3,3,3,0,0,0
1773536,21,1,1,1,0,0,0
1773536,22,4,4,4,0,0,0
1773536,23,9,6,8,0,1,0
1819353,0,12,11,12,0,0,0
1819353,1,8,8,8,0,0,0
1819353,2,8,8,7,0,1,0
1819353,3,11,11,10,0,0,1
1819353,4,9,9,8,1,0,0
1819353,5,18,18,18,0,0,0
1819353,6,15,15,15,0,0,0
1819353,7,9,9,9,0,0,0
1819353,8,12,12,11,0,1,0
1819353,9,13,13,12,0,1,0
1819353,10,10,9,10,0,0,0
1819353,11,7,7,7,0,0,0
1819353,12,14,13,12,1,1,0
1819353,13,13,13,12,0,0,1
1819353,14,16,15,14,0,2,0
1819353,15,15,15,13,0,2,0
1819353,16,7,7,6,0,1,0
1819353,18,1,1,1,0,0,0
1819353,19,1,1,1,0,0,0
1819353,21,1,1,1,0,0,0
1819353,22,3,3,3,0,0,0
1819353,23,7,7,7,0,0,0
1864347,0,8,8,8,0,0,0
1864347,1,9,8,8,1,0,0
1864347,2,13,11,11,1,1,0
1864347,3,8,7,6,1,1,0
1864347,4,8,7,8,0,0,0
1864347,5,21,20,19,2,0,0
1864347,6,13,11,13,0,0,0
1864347,7,10,9,9,1,0,0
1864347,8,14,8,13,1,0,0
1864347,9,7,7,7,0,0,0
1864347,10,3,3,3,0,0,0
1864347,11,13,9,13,0,0,0
1864347,12,12,12,11,1,0,0
1864347,13,13,12,13,0,0,0
1864347,14,17,17,16,1,0,0
1864347,15,12,12,11,0,1,0
1864347,16,8,8,8,0,0,0
1864347,17,3,2,2,1,0,0
1864347,18,3,3,3,0,0,0
1864347,19,1,1,1,0,0,0
1864347,23,4,4,4,0,0,0
1886236,0,12,11,10,0,2,0
1886236,1,2,2,2,0,0,0
1886236,2,11,10,11,0,0,0
1886236,3,21,19,20,0,1,0
1886236,4,8,8,8,0,0,0
1886236,5,14,13,14,0,0,0
1886236,6,6,6,6,0,0,0
1886236,7,13,12,11,0,2,0
1886236,8,7,7,6,1,0,0
1886236,9,10,8,9,0,1,0
1886236,10,8,7,8,0,0,0
1886236,11,22,16,21,0,1,0
1886236,12,20,18,18,1,1,0
1886236,13,22,19,17,1,4,0
1886236,14,12,12,11,0,0,1
1886236,15,4,4,4,0,0,0
1886236,16,5,5,5,0,0,0
1886236,17,2,2,2,0,0,0
1886236,19,1,1,1,0,0,0
1886236,20,2,2,2,0,0,0
1886236,21,3,3,3,0,0,0
1886236,22,3,3,3,0,0,0
1886236,23,5,5,5,0,0,0
1951985,0,12,12,11,1,0,0
1951985,1,7,7,6,0,1,0
1951985,2,16,15,15,1,0,0
1951985,3,10,10,9,0,1,0
1951985,4,11,11,10,0,1,0
1951985,5,12,12,11,0,1,0
1951985,6,14,14,14,0,0,0
1951985,7,16,16,16,0,0,0
1951985,8,17,17,17,0,0,0
1951985,9,10,10,10,0,0,0
1951985,10,9,9,8,0,1,0
1951985,11,16,15,13,1,2,0
1951985,12,14,12,12,1,1,0
1951985,13,15,15,14,1,0,0
1951985,14,13,13,13,0,0,0
1951985,15,18,15,16,1,1,0
1951985,16,9,9,9,0,0,0
1951985,17,3,3,3,0,0,0
1951985,18,4,4,3,0,1,0
1951985,19,2,2,2,0,0,0
1951985,20,1,1,1,0,0,0
1951985,21,3,3,3,0,0,0
1951985,22,6,6,5,1,0,0
1951985,23,8,8,8,0,0,0
1962765,0,10,9,10,0,0,0
1962765,1,2,2,1,1,0,0
1962765,2,10,6,10,0,0,0
1962765,3,7,6,5,0,2,0
1962765,4,12,11,12,0,0,0
1962765,5,8,8,8,0,0,0
1962765,6,14,14,13,1,0,0
1962765,7,9,9,9,0,0,0
1962765,8,10,9,10,0,0,0
1962765,9,12,9,12,0,0,0
1962765,10,12,11,10,1,1,0
1962765,11,16,10,15,0,0,1
1962765,12,19,14,18,0,1,0
1962765,13,18,13,17,0,0,1
1962765,14,10,9,9,0,0,1
1962765,15,8,7,7,0,1,0
1962765,16,6,4,5,0,0,1
1962765,17,1,1,1,0,0,0
1962765,18,1,1,1,0,0,0
1962765,19,1,1,1,0,0,0
1962765,21,3,2,1,1,1,0
1962765,22,6,5,5,0,1,0
1962765,23,11,10,11,0,0,0
1989476,0,6,6,5,0,1,0
1989476,1,7,7,7,0,0,0
1989476,2,8,7,8,0,0,0
1989476,3,4,4,4,0,0,0
1989476,4,6,5,5,0,1,0
1989476,5,17,10,15,0,2,0
1989476,6,10,9,10,0,0,0
1989476,7,8,6,7,0,1,0
1989476,8,15,13,14,0,1,0
1989476,9,2,1,2,0,0,0
1989476,10,11,10,10,0,1,0
1989476,11,17,13,15,2,0,0
1989476,12,19,16,18,0,0,1
1989476,13,15,14,15,0,0,0
1989476,14,18,13,17,0,1,0
1989476,15,9,8,9,0,0,0
1989476,16,3,3,3,0,0,0
1989476,20,2,2,2,0,0,0
1989476,21,2,2,1,1,0,0
1989476,22,1,1,1,0,0,0
1989476,23,7,7,5,0,2,0
2032668,0,20,19,18,1,1,0
2032668,1,25,24,25,0,0,0
2032668,2,35,31,31,2,2,0
2032668,3,33,31,32,1,0,0
2032668,4,33,24,30,0,2,1
2032668,5,30,29,27,0,2,1
2032668,6,26,24,25,0,0,1
2032668,7,32,23,28,0,4,0
2032668,8,32,29,30,0,2,0
2032668,9,22,18,20,2,0,0
2032668,10,18,17,18,0,0,0
2032668,11,22,18,20,2,0,0
2032668,12,38,33,36,2,0,0
2032668,13,36,30,32,1,3,0
2032668,14,32,31,31,0,1,0
2032668,15,19,19,18,0,1,0
2032668,16,21,20,21,0,0,0
2032668,17,6,6,6,0,0,0
2032668,18,5,5,4,1,0,0
2032668,19,2,2,2,0,0,0
2032668,21,2,2,2,0,0,0
2032668,22,5,5,4,1,0,0
2032668,23,10,9,9,0,0,1
2099112,0,7,6,6,1,0,0
2099112,1,12,9,12,0,0,0
2099112,2,9,7,8,0,1,0
2099112,3,14,11,13,0,1,0
2099112,4,7,7,6,0,1,0
2099112,5,14,12,14,0,0,0
2099112,6,10,10,10,0,0,0
2099112,7,12,12,11,0,1,0
2099112,8,11,10,10,0,1,0
2099112,9,9,9,8,0,1,0
2099112,10,10,8,9,0,1,0
2099112,11,12,12,9,1,2,0
2099112,12,17,13,15,0,2,0
2099112,13,18,16,17,1,0,0
2099112,14,19,17,17,0,2,0
2099112,15,11,10,10,0,1,0
2099112,16,4,3,4,0,0,0
2099112,17,2,2,2,0,0,0
2099112,18,2,1,2,0,0,0
2099112,19,1,1,1,0,0,0
2099112,22,1,1,1,0,0,0
2099112,23,1,1,1,0,0,0
2161188,0,8,8,8,0,0,0
2161188,1,7,7,7,0,0,0
2161188,2,10,10,9,1,0,0
2161188,3,7,7,7,0,0,0
2161188,4,6,6,5,0,1,0
2161188,5,14,13,14,0,0,0
2161188,6,21,20,21,0,0,0
2161188,7,7,7,6,0,1,0
2161188,8,6,6,6,0,0,0
2161188,9,6,6,6,0,0,0
2161188,10,8,8,8,0,0,0
2161188,11,5,5,5,0,0,0
2161188,12,14,12,14,0,0,0
2161188,13,25,25,22,2,1,0
2161188,14,15,14,13,1,1,0
2161188,15,14,14,12,2,0,0
2161188,16,6,6,6,0,0,0
2161188,17,4,4,4,0,0,0
2161188,18,3,3,3,0,0,0
2161188,19,1,1,1,0,0,0
2161188,20,4,4,3,0,1,0
2161188,21,1,1,1,0,0,0
2161188,22,2,2,2,0,0,0
2161188,23,5,5,5,0,0,0
2167765,0,12,11,12,0,0,0
2167765,1,15,12,14,0,1,0
2167765,2,14,9,14,0,0,0
2167765,3,11,9,10,1,0,0
2167765,4,14,12,14,0,0,0
2167765,5,13,12,13,0,0,0
2167765,6,16,14,14,1,0,1
2167765,7,14,9,13,1,0,0
2167765,8,8,7,7,0,0,1
2167765,9,15,14,12,2,1,0
2167765,10,22,18,18,1,0,3
2167765,11,12,10,11,0,1,0
2167765,12,13,12,12,0,0,1
2167765,13,19,17,17,0,1,1
2167765,14,23,20,22,0,1,0
2167765,15,15,14,15,0,0,0
2167765,16,9,9,8,1,0,0
2167765,17,6,6,5,0,1,0
2167765,18,3,3,3,0,0,0
2167765,19,2,2,2,0,0,0
2167765,20,1,1,1,0,0,0
2167765,22,3,2,3,0,0,0
2167765,23,9,8,9,0,0,0
2236861,0,19,11,17,0,1,1
2236861,1,10,9,10,0,0,0
2236861,2,15,11,14,1,0,0
2236861,3,11,9,10,0,1,0
2236861,4,4,4,4,0,0,0
2236861,5,16,13,15,0,1,0
2236861,6,11,8,11,0,0,0
2236861,7,17,13,17,0,0,0
2236861,8,11,7,11,0,0,0
2236861,9,9,7,9,0,0,0
2236861,10,10,6,10,0,0,0
2236861,11,9,9,9,0,0,0
2236861,12,19,17,16,1,1,1
2236861,13,20,12,18,0,1,1
2236861,14,14,12,14,0,0,0
2236861,15,14,14,14,0,0,0
2236861,16,4,3,4,0,0,0
2236861,17,3,3,3,0,0,0
2236861,18,1,1,1,0,0,0
2236861,19,1,1,1,0,0,0
2236861,21,2,1,1,0,1,0
2236861,22,3,2,3,0,0,0
2236861,23,2,1,2,0,0,0
2279428,0,7,7,6,1,0,0
2279428,1,14,14,10,2,2,0
2279428,2,15,13,9,3,3,0
2279428,3,17,17,16,0,1,0
2279428,4,24,23,22,1,1,0
2279428,5,29,27,23,3,3,0
2279428,6,25,23,23,1,1,0
2279428,7,19,19,17,1,1,0
2279428,8,17,17,14,2,1,0
2279428,9,11,11,10,1,0,0
2279428,10,28,27,27,0,1,0
2279428,11,27,25,21,2,4,0
2279428,12,22,22,16,4,2,0
2279428,13,26,26,22,1,3,0
2279428,14,35,34,31,2,2,0
2279428,15,12,12,12,0,0,0
2279428,16,10,10,9,0,1,0
2279428,17,5,5,4,0,1,0
2279428,18,1,1,1,0,0,0
2279428,19,1,1,1,0,0,0
2279428,20,1,1,1,0,0,0
2279428,22,2,2,2,0,0,0
2279428,23,6,6,6,0,0,0
2319849,0,7,6,7,0,0,0
2319849,1,10,9,9,1,0,0
2319849,2,8,8,8,0,0,0
2319849,3,16,11,16,0,0,0
2319849,4,15,11,13,0,2,0
2319849,5,5,5,4,0,1,0
2319849,6,9,7,8,0,1,0
2319849,7,9,9,9,0,0,0
2319849,8,10,8,10,0,0,0
2319849,9,8,8,7,1,0,0
2319849,10,2,2,2,0,0,0
2319849,11,16,14,13,1,1,1
2319849,12,8,8,7,0,1,0
2319849,13,11,10,11,0,0,0
2319849,14,20,19,18,0,2,0
2319849,15,24,21,23,0,1,0
2319849,16,7,7,7,0,0,0
2319849,22,1,1,1,0,0,0
2319849,23,2,2,2,0,0,0
2331370,0,18,17,15,0,2,1
2331370,1,18,17,15,2,1,0
2331370,2,20,16,19,1,0,0
2331370,3,24,22,22,2,0,0
2331370,4,20,17,17,0,3,0
2331370,5,28,26,27,1,0,0
2331370,6,21,21,20,1,0,0
2331370,7,31,29,29,1,0,1
2331370,8,32,28,30,0,1,1
2331370,9,26,25,25,0,1,0
2331370,10,28,25,25,1,2,0
2331370,11,28,28,25,0,3,0
2331370,12,36,32,33,0,3,0
2331370,13,47,42,43,1,3,0
2331370,14,31,30,29,1,1,0
2331370,15,31,30,28,0,3,0
2331370,16,11,11,8,2,1,0
2331370,17,2,2,1,0,1,0
2331370,18,1,1,1,0,0,0
2331370,19,1,1,1,0,0,0
2331370,20,5,3,3,1,1,0
2331370,21,2,2,2,0,0,0
2331370,22,9,8,8,0,1,0
2331370,23,20,18,17,2,1,0
2338453,0,12,12,12,0,0,0
2338453,1,21,19,18,1,2,0
2338453,2,21,21,19,0,2,0
2338453,3,18,16,16,1,1,0
2338453,4,18,18,16,1,1,0
2338453,5,32,31,28,0,2,2
2338453,6,28,27,26,1,1,0
2338453,7,31,26,27,2,1,1
2338453,8,26,25,25,0,1,0
2338453,9,19,19,18,1,0,0
2338453,10,35,29,30,1,4,0
2338453,11,37,33,32,2,1,2
2338453,12,28,25,28,0,0,0
2338453,13,31,29,28,1,2,0
2338453,14,21,20,20,0,1,0
2338453,15,11,11,11,0,0,0
2338453,16,5,5,5,0,0,0
2338453,17,3,3,3,0,0,0
2338453,18,1,1,1,0,0,0
2338453,19,1,1,1,0,0,0
2338453,21,2,2,2,0,0,0
2338453,22,2,2,2,0,0,0
2338453,23,8,8,8,0,0,0
2353009,0,6,6,5,0,1,0
2353009,1,12,12,10,1,0,1
2353009,2,10,10,10,0,0,0
2353009,3,12,11,10,1,1,0
2353009,4,13,13,11,0,2,0
2353009,5,15,14,15,0,0,0
2353009,6,10,10,10,0,0,0
2353009,7,6,6,4,2,0,0
2353009,8,9,9,9,0,0,0
2353009,9,11,11,11,0,0,0
2353009,10,5,5,5,0,0,0
2353009,11,14,12,12,1,1,0
2353009,12,21,21,19,1,0,1
2353009,13,23,23,22,1,0,0
2353009,14,23,21,19,0,4,0
2353009,15,14,14,12,1,1,0
2353009,16,6,5,5,0,1,0
2353009,17,3,3,2,0,1,0
2353009,18,1,1,1,0,0,0
2353009,20,2,2,2,0,0,0
2353009,22,5,5,5,0,0,0
2353009,23,5,5,5,0,0,0
2353750,0,4,4,4,0,0,0
2353750,1,7,6,6,0,1,0
2353750,2,15,13,15,0,0,0
2353750,3,21,15,20,0,1,0
2353750,4,4,3,3,1,0,0
2353750,5,19,14,16,3,0,0
2353750,6,10,9,9,1,0,0
2353750,7,17,11,15,1,1,0
2353750,8,9,8,9,0,0,0
2353750,9,3,3,2,1,0,0
2353750,10,10,8,10,0,0,0
2353750,11,13,10,12,0,1,0
2353750,12,14,12,13,0,1,0
2353750,13,10,10,9,0,1,0
2353750,14,27,20,25,1,1,0
2353750,15,16,12,15,0,1,0
2353750,16,3,2,3,0,0,0
2353750,22,1,1,1,0,0,0
2353750,23,2,2,1,0,1,0
2364679,0,6,6,5,1,0,0
2364679,1,19,17,15,1,3,0
2364679,2,10,8,9,1,0,0
2364679,3,16,14,14,1,1,0
2364679,4,10,10,10,0,0,0
2364679,5,19,19,17,1,1,0
2364679,6,18,16,14,1,3,0
2364679,7,17,14,17,0,0,0
2364679,8,11,10,10,0,1,0
2364679,9,17,15,15,2,0,0
2364679,10,20,16,15,2,3,0
2364679,11,16,15,14,2,0,0
2364679,12,19,18,18,1,0,0
2364679,13,21,18,20,0,1,0
2364679,14,23,18,20,2,1,0
2364679,15,21,17,21,0,0,0
2364679,16,8,8,7,1,0,0
2364679,17,5,4,5,0,0,0
2364679,18,6,6,6,0,0,0
2364679,19,1,1,1,0,0,0
2364679,20,1,1,1,0,0,0
2364679,23,3,3,2,0,1,0
2367945,7,351,271,351,0,0,0
2367945,13,1,1,1,0,0,0
2400640,0,14,14,14,0,0,0
2400640,1,11,10,11,0,0,0
2400640,2,9,9,9,0,0,0
2400640,3,13,13,12,1,0,0
2400640,4,16,16,16,0,0,0
2400640,5,18,18,17,1,0,0
2400640,6,11,11,11,0,0,0
2400640,7,14,14,14,0,0,0
2400640,8,15,14,15,0,0,0
2400640,9,11,11,11,0,0,0
2400640,10,9,9,9,0,0,0
2400640,11,8,8,8,0,0,0
2400640,12,17,16,16,0,1,0
2400640,13,10,10,10,0,0,0
2400640,14,26,26,24,1,1,0
2400640,15,8,8,8,0,0,0
2400640,16,9,9,9,0,0,0
2400640,17,4,4,4,0,0,0
2400640,18,3,1,3,0,0,0
2400640,22,1,1,1,0,0,0
2400640,23,3,3,3,0,0,0
2453685,0,14,14,12,0,1,1
2453685,1,23,23,20,1,2,0
2453685,2,12,12,12,0,0,0
2453685,3,17,16,14,1,2,0
2453685,4,17,16,14,0,2,1
2453685,5,20,19,16,1,3,0
2453685,6,20,19,20,0,0,0
2453685,7,14,14,13,1,0,0
2453685,8,18,18,17,0,1,0
2453685,9,16,15,16,0,0,0
2453685,10,15,15,15,0,0,0
2453685,11,21,20,20,0,1,0
2453685,12,31,30,25,3,2,1
2453685,13,25,23,22,1,1,1
2453685,14,34,30,27,6,1,0
2453685,15,19,19,19,0,0,0
2453685,16,12,12,11,0,1,0
2453685,17,5,5,4,0,1,0
2453685,18,4,4,3,0,1,0
2453685,19,4,4,4,0,0,0
2453685,20,4,4,4,0,0,0
2453685,22,10,10,8,2,0,0
2453685,23,15,10,15,0,0,0
2521928,0,9,9,7,0,2,0
2521928,1,10,10,9,1,0,0
2521928,2,8,8,6,2,0,0
2521928,3,12,11,11,0,0,1
2521928,4,15,14,15,0,0,0
2521928,5,16,14,14,0,1,1
2521928,6,10,10,9,0,1,0
2521928,7,17,13,15,0,1,1
2521928,8,14,14,13,0,1,0
2521928,9,11,11,7,0,4,0
2521928,10,11,10,11,0,0,0
2521928,11,12,11,12,0,0,0
2521928,12,15,15,15,0,0,0
2521928,13,25,24,23,2,0,0
2521928,14,20,18,18,1,0,1
2521928,15,15,14,12,1,2,0
2521928,16,4,4,3,0,1,0
2521928,17,3,3,3,0,0,0
2521928,18,2,2,0,0,2,0
2521928,20,1,1,1,0,0,0
2521928,21,1,1,1,0,0,0
2521928,22,1,1,1,0,0,0
2521928,23,8,7,8,0,0,0
2530033,0,7,5,7,0,0,0
2530033,1,6,6,6,0,0,0
2530033,2,11,6,11,0,0,0
2530033,3,8,8,7,0,1,0
2530033,4,8,8,7,1,0,0
2530033,5,16,15,14,0,2,0
2530033,6,10,9,10,0,0,0
2530033,7,5,4,4,0,1,0
2530033,8,9,8,8,1,0,0
2530033,9,16,14,15,0,1,0
2530033,10,12,12,11,1,0,0
2530033,11,13,11,12,0,1,0
2530033,12,17,16,16,0,1,0
2530033,13,17,16,16,0,1,0
2530033,14,8,8,8,0,0,0
2530033,15,8,6,7,0,1,0
2530033,16,1,1,1,0,0,0
2530033,17,3,3,3,0,0,0
2530033,18,1,1,1,0,0,0
2530033,21,2,1,1,0,1,0
2530033,22,1,1,1,0,0,0
2530033,23,8,8,8,0,0,0
2560262,0,21,16,17,1,2,1
2560262,1,8,8,6,0,1,1
2560262,2,12,11,12,0,0,0
2560262,3,11,9,8,0,3,0
2560262,4,13,9,12,0,1,0
2560262,5,14,11,12,0,2,0
2560262,6,17,14,16,0,0,1
2560262,7,14,11,10,0,2,2
2560262,8,15,13,10,0,2,3
2560262,9,27,21,23,1,2,1
2560262,10,15,13,14,0,0,1
2560262,11,26,20,20,1,3,2
2560262,12,20,15,17,0,3,0
2560262,13,24,20,21,1,1,1
2560262,14,34,21,27,0,5,2
2560262,15,13,11,13,0,0,0
2560262,16,9,6,8,0,1,0
2560262,17,4,4,3,0,1,0
2560262,19,2,2,1,1,0,0
2560262,22,1,1,1,0,0,0
2560262,23,7,6,6,0,1,0
2667082,0,8,8,7,1,0,0
2667082,1,7,6,6,0,0,1
2667082,2,7,7,6,1,0,0
2667082,3,5,5,5,0,0,0
2667082,4,4,4,4,0,0,0
2667082,5,10,10,10,0,0,0
2667082,6,14,13,12,1,1,0
2667082,7,11,11,11,0,0,0
2667082,8,18,16,15,1,2,0
2667082,9,9,9,8,1,0,0
2667082,10,9,9,8,1,0,0
2667082,11,12,11,12,0,0,0
2667082,12,19,18,17,0,2,0
2667082,13,27,26,22,1,3,1
2667082,14,14,14,12,1,0,1
2667082,15,8,8,8,0,0,0
2667082,16,6,6,6,0,0,0
2667082,17,3,3,3,0,0,0
2667082,18,5,5,3,0,1,1
2667082,20,2,2,2,0,0,0
2667082,21,1,1,1,0,0,0
2667082,22,4,4,3,0,1,0
2667082,23,7,7,7,0,0,0
2778083,0,6,5,5,0,1,0
2778083,1,9,7,9,0,0,0
2778083,2,8,8,8,0,0,0
2778083,3,12,9,11,1,0,0
2778083,4,12,6,12,0,0,0
2778083,5,7,7,7,0,0,0
2778083,6,16,11,15,1,0,0
2778083,7,20,15,17,2,1,0
2778083,8,14,12,14,0,0,0
2778083,9,7,6,6,0,1,0
2778083,10,8,6,8,0,0,0
2778083,11,14,11,12,1,1,0
2778083,12,11,9,9,1,1,0
2778083,13,22,18,21,1,0,0
2778083,14,26,15,23,0,3,0
2778083,15,10,8,7,3,0,0
2778083,16,5,5,4,0,1,0
2778083,17,1,1,1,0,0,0
2778083,20,1,1,1,0,0,0
2778083,22,3,3,3,0,0,0
2778083,23,2,2,2,0,0,0
2783905,0,13,11,13,0,0,0
2783905,1,16,12,15,0,1,0
2783905,2,11,8,11,0,0,0
2783905,3,14,13,12,1,0,1
2783905,4,11,10,10,1,0,0
2783905,5,12,12,10,2,0,0
2783905,6,14,10,13,1,0,0
2783905,7,17,14,13,1,3,0
2783905,8,14,14,12,1,1,0
2783905,9,14,11,14,0,0,0
2783905,10,13,12,9,1,3,0
2783905,11,11,10,9,1,1,0
2783905,12,12,11,12,0,0,0
2783905,13,21,14,18,1,2,0
2783905,14,20,16,18,1,1,0
2783905,15,16,10,15,0,1,0
2783905,16,9,8,9,0,0,0
2783905,17,2,2,2,0,0,0
2783905,18,4,3,4,0,0,0
2783905,19,2,2,2,0,0,0
2783905,20,1,1,1,0,0,0
2783905,21,2,1,2,0,0,0
2783905,22,4,4,4,0,0,0
2783905,23,3,3,3,0,0,0
2790543,0,3,3,3,0,0,0
2790543,1,12,7,10,1,1,0
2790543,2,10,9,8,2,0,0
2790543,3,3,3,3,0,0,0
2790543,4,10,9,9,0,1,0
2790543,5,26,22,24,0,1,1
2790543,6,20,15,20,0,0,0
2790543,7,22,14,20,0,1,1
2790543,8,16,16,16,0,0,0
2790543,9,22,12,20,0,2,0
2790543,10,15,10,14,1,0,0
2790543,11,25,21,22,1,1,1
2790543,12,17,12,16,0,0,1
2790543,13,23,21,19,2,2,0
2790543,14,27,20,24,1,1,1
2790543,15,31,25,29,0,2,0
2790543,16,18,11,17,0,1,0
2790543,17,1,1,0,0,0,1
2790543,19,1,1,1,0,0,0
2790543,20,5,2,4,0,0,1
2790543,22,3,3,3,0,0,0
2790543,23,4,4,4,0,0,0
2818406,0,14,13,10,2,2,0
2818406,1,16,15,14,1,0,1
2818406,2,11,11,10,1,0,0
2818406,3,16,14,14,0,1,1
2818406,4,16,15,15,1,0,0
2818406,5,12,10,10,1,0,1
2818406,6,20,18,20,0,0,0
2818406,7,22,22,21,1,0,0
2818406,8,19,15,17,0,2,0
2818406,9,18,18,15,1,2,0
2818406,10,18,18,16,1,1,0
2818406,11,17,16,14,1,2,0
2818406,12,27,27,22,2,3,0
2818406,13,36,29,34,1,1,0
2818406,14,33,32,29,2,2,0
2818406,15,19,19,13,4,2,0
2818406,16,14,11,14,0,0,0
2818406,17,9,9,8,0,1,0
2818406,18,1,1,1,0,0,0
2818406,19,4,4,3,0,1,0
2818406,20,5,2,4,0,0,1
2818406,21,2,2,2,0,0,0
2818406,22,7,7,5,1,1,0
2818406,23,14,13,13,1,0,0
2828948,0,14,13,13,0,1,0
2828948,1,14,10,14,0,0,0
2828948,2,13,12,12,0,1,0
2828948,3,14,12,11,0,2,1
2828948,4,14,14,10,3,1,0
2828948,5,14,10,13,0,1,0
2828948,6,9,9,7,1,1,0
2828948,7,14,12,13,1,0,0
2828948,8,8,5,7,1,0,0
2828948,9,18,17,17,1,0,0
2828948,10,5,5,5,0,0,0
2828948,11,13,12,12,1,0,0
2828948,12,13,13,13,0,0,0
2828948,13,12,12,12,0,0,0
2828948,14,24,20,21,0,3,0
2828948,15,16,14,15,1,0,0
2828948,16,5,5,5,0,0,0
2828948,17,3,3,3,0,0,0
2828948,18,2,2,2,0,0,0
2828948,19,1,1,1,0,0,0
2828948,21,3,2,2,0,1,0
2828948,22,4,4,4,0,0,0
2828948,23,6,6,6,0,0,0
2964774,0,4,4,2,0,1,1
2964774,1,13,7,10,0,1,2
2964774,2,8,7,4,0,3,1
2964774,3,16,12,15,0,0,1
2964774,4,12,9,9,0,0,3
2964774,5,9,8,8,0,1,0
2964774,6,10,5,9,0,1,0
2964774,7,19,11,16,0,2,1
2964774,8,8,8,7,0,0,1
2964774,9,12,6,10,0,1,1
2964774,10,16,11,16,0,0,0
2964774,11,10,8,9,0,1,0
2964774,12,14,12,13,0,0,1
2964774,13,12,10,10,0,2,0
2964774,14,9,9,7,0,1,1
2964774,15,8,7,4,0,4,0
2964774,16,5,4,4,0,0,1
2964774,17,1,1,1,0,0,0
2964774,18,1,1,1,0,0,0
2964774,20,1,1,1,0,0,0
2964774,21,1,1,1,0,0,0
2964774,22,3,3,2,0,0,1
2964774,23,7,6,6,0,1,0
3000506,0,13,13,10,1,2,0
3000506,1,13,13,12,0,1,0
3000506,2,4,4,3,1,0,0
3000506,3,9,9,9,0,0,0
3000506,4,9,9,9,0,0,0
3000506,5,7,7,5,1,1,0
3000506,6,12,12,11,0,1,0
3000506,7,10,10,10,0,0,0
3000506,8,10,10,10,0,0,0
3000506,9,9,8,9,0,0,0
3000506,10,10,10,9,0,1,0
3000506,11,9,9,9,0,0,0
3000506,12,14,14,13,1,0,0
3000506,13,19,19,19,0,0,0
3000506,14,16,16,16,0,0,0
3000506,15,6,6,6,0,0,0
3000506,16,3,3,3,0,0,0
3000506,17,4,4,4,0,0,0
3000506,18,1,1,1,0,0,0
3000506,19,1,1,1,0,0,0
3000506,20,1,1,1,0,0,0
3000506,21,1,1,1,0,0,0
3000506,22,2,2,1,1,0,0
3000506,23,6,6,6,0,0,0
3011437,0,13,11,11,1,1,0
3011437,1,24,16,22,2,0,0
3011437,2,12,9,10,2,0,0
3011437,3,18,15,18,0,0,0
3011437,4,10,9,8,1,1,0
3011437,5,18,11,17,1,0,0
3011437,6,10,7,9,0,0,1
3011437,7,14,12,14,0,0,0
3011437,8,11,10,11,0,0,0
3011437,9,13,13,13,0,0,0
3011437,10,11,9,9,0,2,0
3011437,11,15,15,14,0,1,0
3011437,12,17,15,17,0,0,0
3011437,13,15,14,15,0,0,0
3011437,14,21,17,19,0,2,0
3011437,15,12,12,11,1,0,0
3011437,16,6,6,6,0,0,0
3011437,17,2,2,2,0,0,0
3011437,19,1,1,1,0,0,0
3011437,20,1,1,1,0,0,0
3011437,21,1,1,1,0,0,0
3011437,22,5,5,4,0,1,0
3011437,23,11,7,11,0,0,0
3031354,0,23,19,21,0,1,1
3031354,1,21,17,19,0,2,0
3031354,2,25,21,24,0,0,1
3031354,3,20,19,19,0,1,0
3031354,4,24,20,18,0,4,2
3031354,5,28,21,25,0,1,2
3031354,6,23,13,20,0,2,1
3031354,7,24,22,24,0,0,0
3031354,8,27,21,23,0,3,1
3031354,9,26,23,20,0,5,1
3031354,10,39,26,35,0,2,2
3031354,11,32,28,28,0,3,1
3031354,12,25,21,23,0,2,0
3031354,13,40,31,33,1,5,1
3031354,14,29,26,21,2,4,2
3031354,15,28,25,21,1,5,1
3031354,16,10,10,10,0,0,0
3031354,17,6,6,6,0,0,0
3031354,18,2,2,2,0,0,0
3031354,19,4,3,4,0,0,0
3031354,20,1,1,1,0,0,0
3031354,21,8,4,8,0,0,0
3031354,22,5,5,5,0,0,0
3031354,23,13,11,11,0,2,0
3077270,0,6,6,5,0,1,0
3077270,1,8,7,6,0,2,0
3077270,2,5,5,4,0,1,0
3077270,3,5,5,5,0,0,0
3077270,4,14,13,11,0,3,0
3077270,5,6,5,6,0,0,0
3077270,6,18,13,15,1,2,0
3077270,7,10,10,9,0,1,0
3077270,8,10,9,10,0,0,0
3077270,9,12,10,11,0,0,1
3077270,10,11,11,9,1,1,0
3077270,11,14,14,12,0,2,0
3077270,12,15,13,15,0,0,0
3077270,13,18,16,18,0,0,0
3077270,14,22,14,18,1,2,1
3077270,15,13,13,12,1,0,0
3077270,16,8,7,8,0,0,0
3077270,17,2,2,2,0,0,0
3077270,18,2,2,1,0,1,0
3077270,21,4,1,3,1,0,0
3077270,22,5,4,4,1,0,0
3077270,23,7,7,3,0,4,0
3080593,0,2,2,1,1,0,0
3080593,1,7,6,7,0,0,0
3080593,2,4,4,4,0,0,0
3080593,3,12,9,11,0,1,0
3080593,4,10,7,10,0,0,0
3080593,5,8,7,8,0,0,0
3080593,6,9,9,8,0,1,0
3080593,7,8,7,7,0,1,0
3080593,8,14,12,12,2,0,0
3080593,9,15,12,13,0,2,0
3080593,10,11,11,10,1,0,0
3080593,11,16,12,16,0,0,0
3080593,12,13,11,11,1,1,0
3080593,13,13,9,13,0,0,0
3080593,14,15,13,14,0,1,0
3080593,15,10,9,9,1,0,0
3080593,16,2,2,2,0,0,0
3080593,17,2,1,2,0,0,0
3080593,19,3,3,3,0,0,0
3080593,20,7,2,6,0,1,0
3080593,22,2,2,2,0,0,0
3080593,23,4,3,4,0,0,0
3159978,0,7,7,6,1,0,0
3159978,1,15,12,15,0,0,0
3159978,2,21,18,17,1,3,0
3159978,3,9,7,9,0,0,0
3159978,4,14,11,12,1,1,0
3159978,5,18,17,17,1,0,0
3159978,6,16,13,13,0,3,0
3159978,7,15,14,14,0,1,0
3159978,8,15,14,15,0,0,0
3159978,9,10,10,9,1,0,0
3159978,10,8,6,8,0,0,0
3159978,11,19,11,18,1,0,0
3159978,12,24,19,21,1,2,0
3159978,13,19,17,14,2,1,2
3159978,14,26,21,24,2,0,0
3159978,15,17,12,13,2,2,0
3159978,16,3,3,2,0,1,0
3159978,17,2,2,2,0,0,0
3159978,18,1,1,1,0,0,0
3159978,19,4,3,4,0,0,0
3159978,21,6,5,6,0,0,0
3159978,22,3,3,3,0,0,0
3159978,23,5,4,4,1,0,0
3244134,0,8,8,8,0,0,0
3244134,1,14,10,13,0,1,0
3244134,2,12,8,12,0,0,0
3244134,3,6,6,5,0,1,0
3244134,4,7,6,6,0,1,0
3244134,5,15,14,14,0,1,0
3244134,6,14,10,13,0,1,0
3244134,7,5,5,5,0,0,0
3244134,8,8,7,7,0,1,0
3244134,9,19,9,18,0,1,0
3244134,10,16,11,14,0,2,0
3244134,11,8,8,7,1,0,0
3244134,12,13,12,13,0,0,0
3244134,13,11,10,11,0,0,0
3244134,14,12,9,8,0,3,1
3244134,15,14,14,12,1,1,0
3244134,16,7,4,6,0,1,0
3244134,17,5,4,5,0,0,0
3244134,18,1,1,0,0,1,0
3244134,23,5,4,3,1,1,0
3330337,0,7,7,7,0,0,0
3330337,1,15,12,14,1,0,0
3330337,2,16,15,12,1,3,0
3330337,3,19,14,16,2,1,0
3330337,4,9,9,8,0,1,0
3330337,5,13,12,12,0,1,0
3330337,6,26,22,24,1,1,0
3330337,7,16,16,13,1,1,1
3330337,8,21,14,20,0,1,0
3330337,9,15,15,14,0,1,0
3330337,10,16,14,15,1,0,0
3330337,11,15,13,13,0,2,0
3330337,12,16,15,13,0,3,0
3330337,13,19,17,13,3,3,0
3330337,14,17,16,14,1,2,0
3330337,15,23,18,19,2,2,0
3330337,16,10,10,9,1,0,0
3330337,17,4,2,4,0,0,0
3330337,18,1,1,0,1,0,0
3330337,19,3,2,3,0,0,0
3330337,20,3,3,2,0,1,0
3330337,23,4,4,4,0,0,0
3371523,7,369,283,369,0,0,0
3371523,9,1,1,1,0,0,0
3371523,10,2,2,1,0,1,0
3371523,11,1,1,1,0,0,0
3371523,12,1,1,1,0,0,0
3371523,13,1,1,1,0,0,0
3371523,14,1,1,0,0,1,0
3371523,16,2,2,2,0,0,0
3403645,0,7,7,7,0,0,0
3403645,1,15,15,13,1,1,0
3403645,2,9,8,7,1,0,1
3403645,3,11,9,10,0,1,0
3403645,4,5,5,5,0,0,0
3403645,5,10,9,9,0,1,0
3403645,6,11,11,9,1,1,0
3403645,7,4,4,4,0,0,0
3403645,8,6,6,6,0,0,0
3403645,9,9,8,8,0,1,0
3403645,10,13,11,11,2,0,0
3403645,11,17,16,17,0,0,0
3403645,12,22,20,21,1,0,0
3403645,13,14,14,14,0,0,0
3403645,14,32,24,30,1,1,0
3403645,15,9,9,9,0,0,0
3403645,16,3,2,2,0,1,0
3403645,17,1,1,1,0,0,0
3403645,20,1,1,1,0,0,0
3403645,21,2,2,2,0,0,0
3403645,22,7,6,7,0,0,0
3403645,23,7,7,7,0,0,0
3520504,0,12,12,11,0,1,0
3520504,1,12,11,11,1,0,0
3520504,2,16,14,15,0,0,1
3520504,3,9,9,8,0,1,0
3520504,4,21,17,21,0,0,0
3520504,5,22,20,21,1,0,0
3520504,6,16,15,14,2,0,0
3520504,7,19,19,17,1,1,0
3520504,8,16,16,15,0,1,0
3520504,9,11,11,9,1,1,0
3520504,10,16,16,15,0,1,0
3520504,11,28,25,26,0,2,0
3520504,12,19,19,19,0,0,0
3520504,13,30,30,29,0,1,0
3520504,14,16,16,15,0,0,1
3520504,15,21,21,20,1,0,0
3520504,16,8,5,7,0,1,0
3520504,17,3,3,2,1,0,0
3520504,19,1,1,1,0,0,0
3520504,21,1,1,1,0,0,0
3520504,22,1,1,1,0,0,0
3520504,23,8,8,8,0,0,0
3529591,1,6,6,6,0,0,0
3529591,2,10,8,9,0,1,0
3529591,3,6,4,6,0,0,0
3529591,4,13,10,12,0,0,1
3529591,5,11,11,11,0,0,0
3529591,6,8,7,8,0,0,0
3529591,7,9,9,9,0,0,0
3529591,8,11,9,10,0,1,0
3529591,9,13,11,12,0,1,0
3529591,10,14,14,14,0,0,0
3529591,11,12,11,12,0,0,0
3529591,12,9,9,7,1,1,0
3529591,13,30,21,26,3,1,0
3529591,14,23,19,20,1,2,0
3529591,15,25,19,25,0,0,0
3529591,16,5,5,5,0,0,0
3529591,17,1,1,1,0,0,0
3529591,19,3,2,3,0,0,0
3529591,20,3,3,2,1,0,0
3529591,22,2,2,2,0,0,0
3529591,23,10,8,9,0,1,0
3563468,0,27,20,24,1,1,1
3563468,1,20,18,18,1,0,1
3563468,2,22,20,20,0,0,2
3563468,3,10,10,8,0,1,1
3563468,4,14,14,13,0,1,0
3563468,5,19,15,18,0,1,0
3563468,6,22,21,18,2,2,0
3563468,7,13,13,11,0,2,0
3563468,8,15,15,13,1,0,1
3563468,9,12,12,11,0,1,0
3563468,10,11,11,11,0,0,0
3563468,11,20,19,17,1,1,1
3563468,12,30,29,28,0,2,0
3563468,13,28,25,23,0,5,0
3563468,14,25,21,24,0,1,0
3563468,15,22,19,20,0,2,0
3563468,16,7,6,6,0,1,0
3563468,17,2,2,2,0,0,0
3563468,18,3,3,3,0,0,0
3563468,19,2,2,2,0,0,0
3563468,20,2,2,1,0,1,0
3563468,21,2,2,2,0,0,0
3563468,22,4,4,4,0,0,0
3563468,23,3,3,2,0,0,1
3685477,0,2,2,2,0,0,0
3685477,1,16,9,15,0,1,0
3685477,2,5,4,5,0,0,0
3685477,3,7,7,7,0,0,0
3685477,4,13,11,10,0,1,2
3685477,5,9,7,9,0,0,0
3685477,6,12,8,11,0,1,0
3685477,7,13,9,13,0,0,0
3685477,8,14,10,9,1,2,2
3685477,9,9,7,8,0,0,1
3685477,10,7,6,7,0,0,0
3685477,11,9,7,9,0,0,0
3685477,12,19,14,16,0,2,1
3685477,13,9,7,7,0,1,1
3685477,14,18,14,13,1,0,4
3685477,15,12,10,11,0,1,0
3685477,16,3,3,3,0,0,0
3685477,17,3,3,3,0,0,0
3685477,18,4,2,4,0,0,0
3685477,19,1,1,1,0,0,0
3685477,20,1,1,0,0,1,0
3685477,21,2,2,2,0,0,0
3685477,22,1,1,1,0,0,0
3685477,23,2,2,2,0,0,0
3708121,0,10,6,9,1,0,0
3708121,1,12,12,11,0,0,1
3708121,2,21,19,18,1,1,1
3708121,3,17,10,16,1,0,0
3708121,4,19,15,16,1,1,1
3708121,5,23,16,21,1,1,0
3708121,6,18,11,17,0,1,0
3708121,7,11,9,10,0,0,1
3708121,8,12,11,11,0,1,0
3708121,9,10,9,9,0,1,0
3708121,10,28,17,27,0,1,0
3708121,11,41,20,41,0,0,0
3708121,12,33,19,31,1,1,0
3708121,13,21,19,20,0,1,0
3708121,14,48,24,46,0,2,0
3708121,15,12,12,12,0,0,0
3708121,16,11,6,11,0,0,0
3708121,17,3,3,3,0,0,0
3708121,18,3,2,3,0,0,0
3708121,19,3,3,3,0,0,0
3708121,21,2,2,1,0,1,0
3708121,22,2,2,2,0,0,0
3708121,23,9,6,9,0,0,0
3715112,0,9,7,9,0,0,0
3715112,1,11,11,9,1,1,0
3715112,2,12,10,11,0,0,1
3715112,3,16,11,12,1,2,1
3715112,4,7,6,7,0,0,0
3715112,5,18,15,16,1,1,0
3715112,6,9,7,9,0,0,0
3715112,7,16,15,14,1,1,0
3715112,8,19,17,17,0,1,1
3715112,9,9,8,7,0,2,0
3715112,10,17,13,15,1,0,1
3715112,11,12,12,10,0,1,1
3715112,12,26,19,24,0,1,1
3715112,13,28,22,23,1,2,2
3715112,14,13,12,12,0,1,0
3715112,15,22,16,22,0,0,0
3715112,16,8,7,7,0,0,1
3715112,17,3,3,3,0,0,0
3715112,18,1,1,0,1,0,0
3715112,19,1,1,1,0,0,0
3715112,23,1,1,1,0,0,0
3761770,0,6,6,6,0,0,0
3761770,1,13,11,13,0,0,0
3761770,2,12,11,12,0,0,0
3761770,3,8,8,7,0,1,0
3761770,4,13,11,12,1,0,0
3761770,5,8,8,7,0,1,0
3761770,6,9,7,8,1,0,0
3761770,7,7,7,5,0,2,0
3761770,8,11,11,10,1,0,0
3761770,9,14,13,13,0,1,0
3761770,10,7,7,6,1,0,0
3761770,11,14,14,11,2,1,0
3761770,12,15,15,13,2,0,0
3761770,13,11,11,9,1,1,0
3761770,14,18,15,15,2,1,0
3761770,15,23,22,19,2,2,0
3761770,16,11,8,11,0,0,0
3761770,17,2,2,2,0,0,0
3761770,18,1,1,1,0,0,0
3761770,20,1,1,0,0,1,0
3761770,22,2,2,1,1,0,0
3761770,23,1,1,1,0,0,0
3836557,0,6,6,5,1,0,0
3836557,1,11,9,9,1,1,0
3836557,2,13,12,13,0,0,0
3836557,3,9,6,8,1,0,0
3836557,4,10,10,8,1,1,0
3836557,5,15,11,15,0,0,0
3836557,6,14,11,13,0,1,0
3836557,7,16,14,15,1,0,0
3836557,8,12,11,11,0,1,0
3836557,9,18,16,18,0,0,0
3836557,10,12,10,12,0,0,0
3836557,11,16,10,15,1,0,0
3836557,12,22,21,19,1,2,0
3836557,13,17,14,17,0,0,0
3836557,14,30,24,29,0,1,0
3836557,15,11,10,8,0,3,0
3836557,16,7,6,5,0,2,0
3836557,22,2,2,2,0,0,0
3836557,23,6,6,5,0,1,0
3845720,0,34,24,33,1,0,0
3845720,1,28,25,27,1,0,0
3845720,2,39,31,35,2,2,0
3845720,3,27,23,25,0,2,0
3845720,4,26,25,26,0,0,0
3845720,5,28,25,25,2,1,0
3845720,6,30,27,28,2,0,0
3845720,7,29,22,28,1,0,0
3845720,8,24,24,23,0,0,1
3845720,9,22,21,21,1,0,0
3845720,10,21,20,20,0,1,0
3845720,11,38,29,38,0,0,0
3845720,12,28,26,26,1,1,0
3845720,13,37,33,33,1,3,0
3845720,14,50,43,48,0,2,0
3845720,15,27,25,27,0,0,0
3845720,16,10,9,9,1,0,0
3845720,17,8,7,7,0,1,0
3845720,18,2,2,2,0,0,0
3845720,19,1,1,1,0,0,0
3845720,20,1,1,1,0,0,0
3845720,21,1,1,1,0,0,0
3845720,22,5,3,4,1,0,0
3845720,23,11,9,11,0,0,0
3920968,0,8,6,8,0,0,0
3920968,1,13,13,11,0,2,0
3920968,2,11,11,10,0,1,0
3920968,3,11,9,11,0,0,0
3920968,4,16,15,14,0,2,0
3920968,5,14,13,14,0,0,0
3920968,6,24,19,23,0,1,0
3920968,7,20,19,19,0,1,0
3920968,8,29,27,28,1,0,0
3920968,9,14,9,11,1,1,1
3920968,10,22,21,22,0,0,0
3920968,11,21,18,19,0,2,0
3920968,12,34,29,33,1,0,0
3920968,13,34,27,30,1,2,1
3920968,14,16,15,16,0,0,0
3920968,15,22,22,19,0,3,0
3920968,16,5,5,5,0,0,0
3920968,17,3,3,3,0,0,0
3920968,18,2,2,2,0,0,0
3920968,19,1,1,1,0,0,0
3920968,21,2,1,2,0,0,0
3920968,23,12,10,12,0,0,0
3990990,0,6,6,5,0,1,0
3990990,1,9,9,7,0,1,1
3990990,2,17,15,16,0,1,0
3990990,3,5,5,3,1,1,0
3990990,4,6,5,6,0,0,0
3990990,5,17,9,14,0,3,0
3990990,6,13,13,12,1,0,0
3990990,7,12,10,12,0,0,0
3990990,8,16,11,15,0,1,0
3990990,9,9,9,8,0,1,0
3990990,10,10,9,8,1,1,0
3990990,11,20,16,19,1,0,0
3990990,12,8,5,7,0,1,0
3990990,13,23,13,20,0,3,0
3990990,14,16,11,15,0,1,0
3990990,15,8,7,8,0,0,0
3990990,16,3,3,3,0,0,0
3990990,21,1,1,0,0,1,0
3990990,22,5,5,4,1,0,0
3990990,23,3,3,3,0,0,0
4091349,0,14,11,13,1,0,0
4091349,1,17,16,13,1,2,1
4091349,2,16,14,13,0,1,2
4091349,3,8,6,7,1,0,0
4091349,4,11,11,9,1,1,0
4091349,5,7,7,6,0,1,0
4091349,6,25,18,24,1,0,0
4091349,7,19,16,18,1,0,0
4091349,8,13,12,10,1,2,0
4091349,9,9,9,8,1,0,0
4091349,10,16,11,15,0,1,0
4091349,11,24,24,23,0,1,0
4091349,12,29,26,26,2,1,0
4091349,13,19,18,18,0,1,0
4091349,14,28,26,27,0,1,0
4091349,15,24,20,19,1,3,1
4091349,16,9,8,8,0,1,0
4091349,17,2,2,2,0,0,0
4091349,18,4,4,4,0,0,0
4091349,19,1,1,1,0,0,0
4091349,21,1,1,1,0,0,0
4091349,22,4,3,3,0,1,0
4091349,23,5,5,5,0,0,0
4211339,0,13,12,12,1,0,0
4211339,1,11,11,11,0,0,0
4211339,2,14,14,13,1,0,0
4211339,3,14,14,11,0,3,0
4211339,4,14,13,11,1,2,0
4211339,5,18,18,17,0,1,0
4211339,6,19,17,19,0,0,0
4211339,7,22,20,20,0,2,0
4211339,8,27,25,27,0,0,0
4211339,9,18,18,16,1,1,0
4211339,10,20,20,19,1,0,0
4211339,11,32,27,31,0,1,0
4211339,12,46,41,44,1,1,0
4211339,13,38,31,37,1,0,0
4211339,14,33,32,31,1,1,0
4211339,15,20,19,16,0,4,0
4211339,16,14,14,12,1,1,0
4211339,17,4,3,4,0,0,0
4211339,18,5,5,5,0,0,0
4211339,19,4,4,4,0,0,0
4211339,20,1,1,1,0,0,0
4211339,21,1,1,1,0,0,0
4211339,22,6,6,6,0,0,0
4211339,23,9,9,9,0,0,0
4293038,0,6,6,5,1,0,0
4293038,1,16,13,15,0,1,0
4293038,2,10,10,10,0,0,0
4293038,3,15,11,13,1,0,1
4293038,4,9,9,8,1,0,0
4293038,5,10,6,8,1,1,0
4293038,6,7,7,7,0,0,0
4293038,7,8,8,8,0,0,0
4293038,8,19,12,16,0,1,2
4293038,9,11,10,11,0,0,0
4293038,10,9,8,7,0,2,0
4293038,11,19,16,17,1,1,0
4293038,12,10,10,10,0,0,0
4293038,13,12,11,11,0,1,0
4293038,14,21,15,20,0,1,0
4293038,15,13,10,13,0,0,0
4293038,16,4,4,4,0,0,0
4293038,17,1,1,1,0,0,0
4293038,18,5,3,4,1,0,0
4293038,19,1,1,1,0,0,0
4293038,21,1,1,1,0,0,0
4293038,23,2,2,2,0,0,0
4443059,0,17,14,17,0,0,0
4443059,1,18,17,17,0,0,1
4443059,2,18,17,18,0,0,0
4443059,3,20,12,18,1,0,1
4443059,4,19,17,15,1,2,1
4443059,5,10,10,9,0,1,0
4443059,6,21,20,21,0,0,0
4443059,7,19,18,18,0,1,0
4443059,8,16,16,14,0,1,1
4443059,9,15,14,14,0,0,1
4443059,10,13,13,13,0,0,0
4443059,11,20,20,17,0,3,0
4443059,12,26,23,25,0,1,0
4443059,13,23,20,18,1,3,1
4443059,14,19,18,18,0,0,1
4443059,15,21,20,19,0,2,0
4443059,16,15,7,15,0,0,0
4443059,17,1,1,1,0,0,0
4443059,18,4,4,4,0,0,0
4443059,19,1,1,1,0,0,0
4443059,21,1,1,1,0,0,0
4443059,22,8,8,8,0,0,0
4443059,23,12,11,12,0,0,0
4491210,0,5,5,5,0,0,0
4491210,1,10,8,8,0,2,0
4491210,2,12,11,12,0,0,0
4491210,3,10,7,10,0,0,0
4491210,4,16,14,13,2,0,1
4491210,5,13,8,11,1,1,0
4491210,6,11,10,11,0,0,0
4491210,7,10,9,10,0,0,0
4491210,8,13,11,13,0,0,0
4491210,9,6,6,6,0,0,0
4491210,10,11,11,10,0,1,0
4491210,11,15,14,14,1,0,0
4491210,12,12,11,11,0,1,0
4491210,13,24,17,24,0,0,0
4491210,14,13,12,12,0,1,0
4491210,15,8,8,8,0,0,0
4491210,16,3,3,3,0,0,0
4491210,17,1,1,1,0,0,0
4491210,18,1,1,1,0,0,0
4491210,22,2,2,1,1,0,0
4491210,23,4,3,4,0,0,0
4525461,0,15,10,14,1,0,0
4525461,1,9,7,8,0,1,0
4525461,2,10,10,8,1,1,0
4525461,3,7,7,7,0,0,0
4525461,4,5,4,4,0,1,0
4525461,5,5,5,5,0,0,0
4525461,6,17,14,16,0,1,0
4525461,7,9,6,9,0,0,0
4525461,8,12,8,11,0,1,0
4525461,9,12,10,11,1,0,0
4525461,10,16,12,15,1,0,0
4525461,11,10,8,10,0,0,0
4525461,12,23,21,22,0,1,0
4525461,13,8,8,8,0,0,0
4525461,14,17,15,16,0,1,0
4525461,15,8,8,8,0,0,0
4525461,16,16,12,15,0,1,0
4525461,18,1,1,1,0,0,0
4525461,23,2,2,2,0,0,0
4550052,0,4,4,4,0,0,0
4550052,1,6,6,5,1,0,0
4550052,2,7,7,6,1,0,0
4550052,3,6,6,4,0,2,0
4550052,4,6,6,6,0,0,0
4550052,5,8,8,7,0,1,0
4550052,6,6,6,5,0,1,0
4550052,7,11,11,11,0,0,0
4550052,8,15,15,15,0,0,0
4550052,9,9,9,9,0,0,0
4550052,10,3,2,2,1,0,0
4550052,11,14,14,13,1,0,0
4550052,12,17,16,15,0,1,1
4550052,13,12,12,10,0,2,0
4550052,14,19,17,19,0,0,0
4550052,15,22,19,20,1,0,1
4550052,16,2,2,2,0,0,0
4550052,17,4,2,4,0,0,0
4550052,18,2,2,2,0,0,0
4550052,19,3,3,3,0,0,0
4550052,21,1,1,1,0,0,0
4550052,22,5,5,5,0,0,0
4550052,23,8,7,8,0,0,0
4622270,0,9,9,9,0,0,0
4622270,1,7,7,6,1,0,0
4622270,2,13,13,11,0,1,1
4622270,3,9,9,8,0,1,0
4622270,4,6,6,6,0,0,0
4622270,5,8,8,8,0,0,0
4622270,6,11,11,11,0,0,0
4622270,7,12,12,11,0,1,0
4622270,8,13,13,13,0,0,0
4622270,9,8,8,6,2,0,0
4622270,10,9,9,9,0,0,0
4622270,11,6,6,6,0,0,0
4622270,12,17,16,17,0,0,0
4622270,13,15,15,13,1,1,0
4622270,14,17,17,17,0,0,0
4622270,15,21,21,20,1,0,0
4622270,16,10,10,10,0,0,0
4622270,17,2,2,2,0,0,0
4622270,18,3,3,3,0,0,0
4622270,19,2,2,2,0,0,0
4622270,20,2,2,2,0,0,0
4622270,21,2,2,2,0,0,0
4622270,22,6,6,6,0,0,0
4622270,23,5,5,5,0,0,0
4649427,0,13,12,12,0,1,0
4649427,1,10,9,9,0,1,0
4649427,2,14,13,12,0,2,0
4649427,3,20,15,18,0,2,0
4649427,4,20,18,18,0,2,0
4649427,5,22,20,18,3,1,0
4649427,6,16,13,14,1,1,0
4649427,7,9,9,9,0,0,0
4649427,8,13,11,10,1,2,0
4649427,9,17,12,16,0,1,0
4649427,10,19,14,16,0,3,0
4649427,11,17,16,16,0,1,0
4649427,12,24,22,23,1,0,0
4649427,13,29,26,27,1,1,0
4649427,14,23,23,23,0,0,0
4649427,15,20,16,20,0,0,0
4649427,16,11,11,10,0,1,0
4649427,17,7,7,6,0,1,0
4649427,18,2,2,2,0,0,0
4649427,19,2,2,2,0,0,0
4649427,21,6,5,5,0,1,0
4649427,22,3,3,3,0,0,0
4649427,23,12,10,11,0,1,0
4793966,0,8,5,8,0,0,0
4793966,1,8,8,8,0,0,0
4793966,2,15,12,13,1,1,0
4793966,3,2,2,2,0,0,0
4793966,4,4,4,4,0,0,0
4793966,5,8,8,7,1,0,0
4793966,6,9,8,8,0,1,0
4793966,7,6,5,6,0,0,0
4793966,8,9,8,8,1,0,0
4793966,9,6,6,6,0,0,0
4793966,10,8,8,8,0,0,0
4793966,11,11,11,11,0,0,0
4793966,12,12,11,12,0,0,0
4793966,13,20,15,19,1,0,0
4793966,14,14,12,13,0,1,0
4793966,15,23,16,19,2,2,0
4793966,16,13,12,13,0,0,0
4793966,17,3,2,1,1,1,0
4793966,18,3,3,3,0,0,0
4793966,20,1,1,1,0,0,0
4793966,22,8,7,8,0,0,0
4793966,23,7,5,7,0,0,0
5128303,0,6,6,6,0,0,0
5128303,1,12,11,12,0,0,0
5128303,2,11,8,11,0,0,0
5128303,3,18,14,17,0,1,0
5128303,4,19,15,17,1,1,0
5128303,5,15,12,14,0,1,0
5128303,6,19,15,17,2,0,0
5128303,7,12,11,11,1,0,0
5128303,8,10,9,10,0,0,0
5128303,9,4,2,3,1,0,0
5128303,10,18,17,16,0,2,0
5128303,11,7,7,7,0,0,0
5128303,12,13,11,12,1,0,0
5128303,13,14,11,13,1,0,0
5128303,14,10,9,10,0,0,0
5128303,15,16,15,16,0,0,0
5128303,16,5,5,5,0,0,0
5128303,17,3,2,3,0,0,0
5128303,18,1,1,1,0,0,0
5128303,20,1,1,1,0,0,0
5128303,22,1,1,1,0,0,0
5128303,23,3,3,3,0,0,0
